date,railcar_id,distance_km,fuel_used_l,temperature_c,maintenance_flag
2025-01-01,RC001,67.94,46.68,25.7,0
2025-01-01,RC002,129.42,81.07,30.5,0
2025-01-01,RC003,116.28,86.14,39.5,0
2025-01-01,RC004,170.8,103.19,19.0,0
2025-01-01,RC005,130.32,101.8,15.9,0
2025-01-01,RC006,57.75,41.28,34.4,0
2025-01-01,RC007,177.58,110.33,18.7,0
2025-01-01,RC008,99.49,74.96,34.1,0
2025-01-01,RC009,62.75,46.13,15.3,0
2025-01-01,RC010,69.07,42.33,34.6,0
2025-01-01,RC011,186.33,121.24,23.3,0
2025-01-01,RC012,121.59,74.11,22.4,0
2025-01-01,RC013,64.44,43.57,21.4,0
2025-01-01,RC014,154.25,102.07,38.0,0
2025-01-01,RC015,117.54,92.59,34.0,0
2025-01-02,RC001,158.66,102.09,15.2,0
2025-01-02,RC002,130.52,96.18,24.7,0
2025-01-02,RC003,124.98,76.73,36.1,0
2025-01-02,RC004,126.08,84.73,17.2,0
2025-01-02,RC005,114.73,75.76,28.5,0
2025-01-02,RC006,96.46,66.14,36.1,0
2025-01-02,RC007,174.36,126.4,15.3,0
2025-01-02,RC008,149.94,95.66,22.5,0
2025-01-02,RC009,51.53,34.37,20.0,0
2025-01-02,RC010,54.22,39.11,24.9,0
2025-01-02,RC011,120.61,91.03,36.3,0
2025-01-02,RC012,179.3,135.3,35.9,0
2025-01-02,RC013,161.43,98.18,35.6,0
2025-01-02,RC014,67.92,47.19,16.4,0
2025-01-02,RC015,193.67,149.26,28.9,0
2025-01-03,RC001,100.52,61.84,37.2,1
2025-01-03,RC002,187.92,128.06,37.2,0
2025-01-03,RC003,170.83,124.1,19.1,0
2025-01-03,RC004,130.17,101.38,27.1,0
2025-01-03,RC005,54.52,36.06,19.9,0
2025-01-03,RC006,83.78,64.04,35.3,0
2025-01-03,RC007,56.2,41.27,35.6,0
2025-01-03,RC008,146.85,91.8,36.3,1
2025-01-03,RC009,175.19,107.42,16.2,0
2025-01-03,RC010,91.55,72.98,24.8,0
2025-01-03,RC011,137.14,87.21,20.1,0
2025-01-03,RC012,187.86,131.65,19.2,0
2025-01-03,RC013,150.64,116.03,38.2,0
2025-01-03,RC014,107.25,73.14,27.4,0
2025-01-03,RC015,124.56,99.43,37.9,0
2025-01-04,RC001,146.48,110.73,15.2,0
2025-01-04,RC002,157.77,98.76,36.4,0
2025-01-04,RC003,119.46,83.11,30.3,0
2025-01-04,RC004,125.48,91.87,19.5,0
2025-01-04,RC005,59.35,39.58,29.8,0
2025-01-04,RC006,152.7,92.04,20.3,0
2025-01-04,RC007,75.9,54.22,38.6,0
2025-01-04,RC008,156.53,125.22,24.8,0
2025-01-04,RC009,184.99,136.72,31.8,0
2025-01-04,RC010,70.45,52.13,15.9,0
2025-01-04,RC011,90.36,54.24,20.8,0
2025-01-04,RC012,176.21,140.41,21.1,1
2025-01-04,RC013,173.59,136.37,18.7,0
2025-01-04,RC014,145.7,113.65,20.7,0
2025-01-04,RC015,178.84,129.75,22.5,1
2025-01-05,RC001,58.95,44.33,17.6,0
2025-01-05,RC002,135.79,83.27,23.7,0
2025-01-05,RC003,96.37,66.07,40.0,0
2025-01-05,RC004,87.08,57.17,22.1,1
2025-01-05,RC005,110.03,77.58,22.5,0
2025-01-05,RC006,80.07,64.02,26.7,0
2025-01-05,RC007,191.22,143.9,19.4,0
2025-01-05,RC008,98.63,69.26,38.5,0
2025-01-05,RC009,83.59,59.52,30.2,0
2025-01-05,RC010,189.64,140.73,39.9,0
2025-01-05,RC011,71.36,46.54,25.4,0
2025-01-05,RC012,91.49,72.25,33.7,0
2025-01-05,RC013,126.96,79.5,25.2,0
2025-01-05,RC014,183.24,117.52,38.5,0
2025-01-05,RC015,139.64,102.16,23.5,0
2025-01-06,RC001,198.11,121.55,17.9,0
2025-01-06,RC002,118.04,89.15,32.4,1
2025-01-06,RC003,138.4,104.44,37.0,0
2025-01-06,RC004,116.27,87.21,32.6,0
2025-01-06,RC005,50.72,37.57,21.5,0
2025-01-06,RC006,60.37,42.39,27.3,0
2025-01-06,RC007,119.17,90.19,34.6,0
2025-01-06,RC008,178.44,137.23,24.8,0
2025-01-06,RC009,77.91,51.66,36.9,0
2025-01-06,RC010,52.05,41.62,24.6,0
2025-01-06,RC011,104.44,66.81,35.5,0
2025-01-06,RC012,164.32,126.44,28.1,0
2025-01-06,RC013,181.19,132.99,16.1,0
2025-01-06,RC014,158.79,96.23,35.0,0
2025-01-06,RC015,133.35,85.66,32.9,0
2025-01-07,RC001,82.06,57.96,22.8,0
2025-01-07,RC002,50.5,33.9,18.5,0
2025-01-07,RC003,80.62,61.23,24.9,0
2025-01-07,RC004,71.77,56.36,36.1,0
2025-01-07,RC005,165.02,118.01,24.4,0
2025-01-07,RC006,130.67,97.57,31.2,0
2025-01-07,RC007,175.02,110.45,40.0,0
2025-01-07,RC008,194.88,144.51,39.2,0
2025-01-07,RC009,162.94,122.54,24.4,0
2025-01-07,RC010,125.44,81.87,16.5,0
2025-01-07,RC011,103.96,63.23,36.1,0
2025-01-07,RC012,99.4,78.46,33.5,0
2025-01-07,RC013,116.79,84.64,39.8,0
2025-01-07,RC014,172.48,121.92,24.8,0
2025-01-07,RC015,95.72,71.61,30.6,0
2025-01-08,RC001,138.09,91.33,31.8,0
2025-01-08,RC002,164.27,98.58,20.1,0
2025-01-08,RC003,52.53,38.15,34.5,0
2025-01-08,RC004,151.89,96.18,34.7,0
2025-01-08,RC005,89.03,56.58,30.4,0
2025-01-08,RC006,84.21,63.56,21.7,0
2025-01-08,RC007,141.12,106.81,36.7,1
2025-01-08,RC008,53.97,38.01,24.0,0
2025-01-08,RC009,168.48,115.21,38.6,0
2025-01-08,RC010,139.23,89.24,29.8,0
2025-01-08,RC011,181.1,139.22,26.7,0
2025-01-08,RC012,129.2,79.7,33.9,0
2025-01-08,RC013,52.66,33.53,18.5,0
2025-01-08,RC014,179.88,128.87,21.0,0
2025-01-08,RC015,68.29,48.48,26.1,0
2025-01-09,RC001,62.47,38.79,37.9,0
2025-01-09,RC002,68.23,46.02,17.9,0
2025-01-09,RC003,148.32,114.66,31.8,0
2025-01-09,RC004,137.74,101.92,38.4,0
2025-01-09,RC005,106.7,72.58,28.9,0
2025-01-09,RC006,100.92,80.05,22.1,0
2025-01-09,RC007,199.74,130.34,16.8,0
2025-01-09,RC008,117.53,80.5,30.4,0
2025-01-09,RC009,199.49,132.96,34.7,0
2025-01-09,RC010,51.13,35.5,26.4,0
2025-01-09,RC011,88.86,66.0,22.3,0
2025-01-09,RC012,50.66,35.54,33.4,0
2025-01-09,RC013,92.69,57.9,29.4,0
2025-01-09,RC014,138.38,100.83,35.0,0
2025-01-09,RC015,81.59,51.28,19.5,0
2025-01-10,RC001,157.83,95.46,19.0,0
2025-01-10,RC002,88.56,64.6,33.1,0
2025-01-10,RC003,104.53,79.59,29.5,0
2025-01-10,RC004,110.68,79.24,28.1,0
2025-01-10,RC005,140.33,97.66,35.7,1
2025-01-10,RC006,62.76,44.07,19.1,0
2025-01-10,RC007,76.87,56.96,25.0,0
2025-01-10,RC008,76.08,60.43,37.6,0
2025-01-10,RC009,84.82,63.13,36.8,0
2025-01-10,RC010,176.18,127.06,29.1,0
2025-01-10,RC011,88.32,69.62,19.5,0
2025-01-10,RC012,77.84,48.71,33.6,0
2025-01-10,RC013,158.77,110.84,21.5,0
2025-01-10,RC014,105.84,65.44,25.3,0
2025-01-10,RC015,118.02,89.95,27.2,0
2025-01-11,RC001,80.25,56.25,23.1,0
2025-01-11,RC002,144.73,111.19,36.5,0
2025-01-11,RC003,161.36,123.13,29.3,0
2025-01-11,RC004,107.41,78.97,22.9,0
2025-01-11,RC005,197.76,147.22,25.9,0
2025-01-11,RC006,120.32,75.4,20.3,0
2025-01-11,RC007,192.28,132.17,27.9,0
2025-01-11,RC008,153.3,112.6,31.8,0
2025-01-11,RC009,94.99,71.95,37.6,0
2025-01-11,RC010,137.64,90.89,38.3,0
2025-01-11,RC011,74.15,52.53,19.1,0
2025-01-11,RC012,147.14,100.87,17.6,0
2025-01-11,RC013,149.55,101.03,32.0,0
2025-01-11,RC014,74.45,55.21,18.9,0
2025-01-11,RC015,143.83,88.7,33.2,0
2025-01-12,RC001,176.0,138.12,17.1,0
2025-01-12,RC002,163.36,118.0,35.1,0
2025-01-12,RC003,169.07,129.87,33.4,0
2025-01-12,RC004,165.23,99.28,34.0,0
2025-01-12,RC005,78.84,53.74,21.0,0
2025-01-12,RC006,144.27,91.7,36.8,0
2025-01-12,RC007,77.7,49.38,23.5,0
2025-01-12,RC008,113.26,80.92,27.7,0
2025-01-12,RC009,168.97,128.67,19.1,0
2025-01-12,RC010,138.53,107.94,30.2,0
2025-01-12,RC011,93.56,71.86,26.3,0
2025-01-12,RC012,182.32,135.3,27.4,1
2025-01-12,RC013,198.65,158.46,23.8,0
2025-01-12,RC014,94.36,58.31,33.0,0
2025-01-12,RC015,132.06,83.96,19.3,0
2025-01-13,RC001,184.11,143.42,36.7,0
2025-01-13,RC002,80.85,58.28,29.7,0
2025-01-13,RC003,75.46,57.83,18.5,0
2025-01-13,RC004,77.53,52.34,16.5,0
2025-01-13,RC005,126.28,91.6,30.2,0
2025-01-13,RC006,176.35,139.54,36.5,0
2025-01-13,RC007,191.86,124.52,19.3,0
2025-01-13,RC008,180.02,121.73,37.8,0
2025-01-13,RC009,180.32,117.19,29.7,0
2025-01-13,RC010,114.12,80.76,16.4,0
2025-01-13,RC011,131.3,83.84,20.1,0
2025-01-13,RC012,95.17,65.8,18.8,0
2025-01-13,RC013,113.24,80.47,19.1,0
2025-01-13,RC014,119.17,87.46,26.5,0
2025-01-13,RC015,162.54,122.96,28.9,0
2025-01-14,RC001,66.35,40.68,38.3,0
2025-01-14,RC002,141.81,107.76,17.3,0
2025-01-14,RC003,53.06,35.77,19.9,0
2025-01-14,RC004,50.76,33.5,37.0,0
2025-01-14,RC005,146.53,109.97,39.3,0
2025-01-14,RC006,173.57,136.2,16.8,0
2025-01-14,RC007,84.89,63.92,38.5,0
2025-01-14,RC008,94.76,62.96,35.0,0
2025-01-14,RC009,197.42,120.72,37.1,0
2025-01-14,RC010,130.5,98.01,27.1,0
2025-01-14,RC011,188.53,116.06,31.6,0
2025-01-14,RC012,198.27,156.49,26.2,0
2025-01-14,RC013,177.5,122.52,23.2,0
2025-01-14,RC014,135.58,85.14,25.4,0
2025-01-14,RC015,73.48,55.86,32.7,0
2025-01-15,RC001,56.31,37.57,34.6,0
2025-01-15,RC002,59.78,39.68,30.9,0
2025-01-15,RC003,176.02,121.78,15.8,0
2025-01-15,RC004,128.21,77.13,16.7,0
2025-01-15,RC005,139.69,86.68,29.4,0
2025-01-15,RC006,94.41,69.47,29.1,0
2025-01-15,RC007,87.85,65.85,16.1,0
2025-01-15,RC008,187.14,143.85,22.1,0
2025-01-15,RC009,63.23,48.44,21.9,0
2025-01-15,RC010,55.8,36.73,34.8,0
2025-01-15,RC011,74.24,53.58,25.2,0
2025-01-15,RC012,166.85,122.13,23.0,0
2025-01-15,RC013,60.7,45.84,18.8,0
2025-01-15,RC014,161.16,103.09,26.3,0
2025-01-15,RC015,145.35,92.0,31.4,1
2025-01-16,RC001,178.73,113.74,16.2,0
2025-01-16,RC002,151.73,100.45,20.8,0
2025-01-16,RC003,105.3,78.93,31.3,0
2025-01-16,RC004,178.99,124.04,23.0,0
2025-01-16,RC005,58.16,43.3,23.9,0
2025-01-16,RC006,121.22,79.39,39.8,0
2025-01-16,RC007,105.27,69.51,37.2,0
2025-01-16,RC008,178.1,125.89,27.4,0
2025-01-16,RC009,134.33,99.98,24.7,0
2025-01-16,RC010,107.24,83.14,29.3,0
2025-01-16,RC011,72.57,57.81,28.2,0
2025-01-16,RC012,61.28,38.94,30.5,0
2025-01-16,RC013,111.54,71.69,38.9,0
2025-01-16,RC014,135.03,93.21,19.5,0
2025-01-16,RC015,53.35,34.23,29.8,0
2025-01-17,RC001,62.71,41.79,39.5,0
2025-01-17,RC002,62.33,38.92,17.9,0
2025-01-17,RC003,193.36,147.57,29.4,0
2025-01-17,RC004,131.52,89.92,37.2,0
2025-01-17,RC005,59.87,44.28,34.3,0
2025-01-17,RC006,53.07,35.15,34.7,0
2025-01-17,RC007,60.42,45.67,38.4,0
2025-01-17,RC008,174.33,124.43,24.9,0
2025-01-17,RC009,104.18,72.89,38.0,0
2025-01-17,RC010,97.44,69.45,15.6,0
2025-01-17,RC011,108.88,79.09,29.4,0
2025-01-17,RC012,100.85,62.16,21.1,0
2025-01-17,RC013,140.36,111.3,19.6,0
2025-01-17,RC014,112.98,85.22,26.5,0
2025-01-17,RC015,84.16,61.12,26.5,0
2025-01-18,RC001,84.46,62.6,19.8,0
2025-01-18,RC002,181.88,126.4,31.6,0
2025-01-18,RC003,178.81,142.55,19.3,0
2025-01-18,RC004,71.09,46.61,36.9,0
2025-01-18,RC005,64.43,39.19,29.9,0
2025-01-18,RC006,130.37,81.84,37.0,0
2025-01-18,RC007,107.33,66.97,39.2,0
2025-01-18,RC008,122.75,97.06,22.4,0
2025-01-18,RC009,92.18,58.13,32.7,0
2025-01-18,RC010,168.38,101.14,38.0,0
2025-01-18,RC011,116.27,81.23,33.4,0
2025-01-18,RC012,111.8,73.3,16.9,0
2025-01-18,RC013,119.47,86.31,32.7,0
2025-01-18,RC014,192.14,125.94,37.8,0
2025-01-18,RC015,152.63,92.21,22.9,1
2025-01-19,RC001,145.49,102.74,16.3,0
2025-01-19,RC002,94.58,66.1,39.6,0
2025-01-19,RC003,80.97,62.81,32.7,0
2025-01-19,RC004,85.64,53.63,20.7,0
2025-01-19,RC005,185.65,111.6,19.3,0
2025-01-19,RC006,178.53,123.89,26.1,0
2025-01-19,RC007,128.64,85.67,38.6,0
2025-01-19,RC008,106.46,84.34,27.8,0
2025-01-19,RC009,83.29,56.41,34.0,0
2025-01-19,RC010,88.09,66.12,17.8,1
2025-01-19,RC011,141.13,93.79,22.9,0
2025-01-19,RC012,52.49,34.04,20.1,0
2025-01-19,RC013,106.0,82.95,32.6,0
2025-01-19,RC014,193.42,133.63,24.3,0
2025-01-19,RC015,193.07,132.33,16.8,0
2025-01-20,RC001,124.29,83.63,33.0,0
2025-01-20,RC002,116.41,80.22,35.8,0
2025-01-20,RC003,134.92,100.17,39.7,0
2025-01-20,RC004,76.02,47.25,19.5,0
2025-01-20,RC005,179.71,134.86,26.9,0
2025-01-20,RC006,78.75,57.32,30.0,0
2025-01-20,RC007,148.03,112.31,29.3,0
2025-01-20,RC008,110.64,86.93,20.4,0
2025-01-20,RC009,112.58,85.03,23.1,0
2025-01-20,RC010,136.57,103.89,19.3,0
2025-01-20,RC011,134.0,103.89,33.9,0
2025-01-20,RC012,137.7,100.55,23.4,0
2025-01-20,RC013,54.35,36.22,23.9,0
2025-01-20,RC014,187.29,116.01,34.3,0
2025-01-20,RC015,61.83,47.71,34.0,0
2025-01-21,RC001,174.87,117.09,22.3,0
2025-01-21,RC002,185.66,138.94,33.7,0
2025-01-21,RC003,168.66,104.24,24.8,0
2025-01-21,RC004,113.55,74.12,24.4,0
2025-01-21,RC005,182.86,127.06,16.8,0
2025-01-21,RC006,188.64,147.41,28.8,0
2025-01-21,RC007,165.26,121.44,15.3,0
2025-01-21,RC008,178.06,107.68,36.9,0
2025-01-21,RC009,91.14,72.9,31.5,0
2025-01-21,RC010,108.6,83.1,28.5,0
2025-01-21,RC011,165.94,99.82,38.7,0
2025-01-21,RC012,82.36,59.97,39.2,0
2025-01-21,RC013,105.21,72.39,27.2,0
2025-01-21,RC014,122.36,78.36,37.2,0
2025-01-21,RC015,161.84,100.7,26.7,0
2025-01-22,RC001,91.82,61.31,33.4,0
2025-01-22,RC002,191.63,149.24,24.7,0
2025-01-22,RC003,116.47,76.83,24.7,0
2025-01-22,RC004,127.56,97.43,36.0,0
2025-01-22,RC005,55.42,39.88,23.1,0
2025-01-22,RC006,70.37,47.72,37.3,0
2025-01-22,RC007,105.96,82.29,15.4,0
2025-01-22,RC008,159.1,104.06,16.3,0
2025-01-22,RC009,100.41,75.54,19.4,0
2025-01-22,RC010,85.74,62.97,26.7,0
2025-01-22,RC011,61.5,48.83,35.7,0
2025-01-22,RC012,199.79,141.31,17.8,0
2025-01-22,RC013,158.5,117.71,32.9,0
2025-01-22,RC014,107.95,81.35,39.5,0
2025-01-22,RC015,52.91,37.97,34.1,1
2025-01-23,RC001,143.82,98.59,38.4,0
2025-01-23,RC002,67.77,53.29,33.1,0
2025-01-23,RC003,191.74,138.41,36.0,0
2025-01-23,RC004,194.75,119.38,39.3,0
2025-01-23,RC005,167.46,122.66,15.1,0
2025-01-23,RC006,98.43,73.5,19.3,0
2025-01-23,RC007,65.86,42.84,18.2,0
2025-01-23,RC008,97.21,58.35,25.5,0
2025-01-23,RC009,126.17,87.47,20.6,0
2025-01-23,RC010,184.44,144.73,24.6,0
2025-01-23,RC011,87.12,69.66,20.4,0
2025-01-23,RC012,104.72,68.75,34.3,1
2025-01-23,RC013,82.83,63.41,16.8,0
2025-01-23,RC014,61.65,40.33,22.1,0
2025-01-23,RC015,183.82,140.71,23.0,0
2025-01-24,RC001,190.79,150.44,29.1,0
2025-01-24,RC002,160.54,96.79,15.2,0
2025-01-24,RC003,92.14,61.43,16.6,0
2025-01-24,RC004,123.41,97.97,35.5,0
2025-01-24,RC005,160.15,116.34,32.9,0
2025-01-24,RC006,133.38,93.24,33.8,0
2025-01-24,RC007,63.64,49.77,26.6,0
2025-01-24,RC008,130.13,98.68,21.5,0
2025-01-24,RC009,171.12,129.05,28.4,0
2025-01-24,RC010,103.14,62.24,38.0,0
2025-01-24,RC011,58.52,38.77,38.9,0
2025-01-24,RC012,156.43,113.53,22.0,0
2025-01-24,RC013,84.7,51.14,31.9,0
2025-01-24,RC014,120.39,80.15,17.2,0
2025-01-24,RC015,71.51,55.8,19.0,0
2025-01-25,RC001,120.14,95.68,34.1,0
2025-01-25,RC002,157.56,104.05,17.0,0
2025-01-25,RC003,121.38,94.29,26.6,0
2025-01-25,RC004,55.48,34.84,19.7,0
2025-01-25,RC005,154.72,106.49,25.8,1
2025-01-25,RC006,184.88,122.78,39.7,0
2025-01-25,RC007,171.78,135.58,25.6,0
2025-01-25,RC008,106.67,84.57,32.2,0
2025-01-25,RC009,177.03,137.34,29.0,0
2025-01-25,RC010,101.51,63.52,22.5,0
2025-01-25,RC011,57.51,39.93,24.6,0
2025-01-25,RC012,187.89,114.05,15.4,0
2025-01-25,RC013,141.02,93.61,27.8,0
2025-01-25,RC014,199.67,159.6,31.5,0
2025-01-25,RC015,129.54,90.65,28.1,0
2025-01-26,RC001,178.16,122.28,25.8,0
2025-01-26,RC002,131.97,99.59,31.6,0
2025-01-26,RC003,119.3,89.57,24.9,0
2025-01-26,RC004,119.03,92.2,39.6,0
2025-01-26,RC005,180.15,133.98,36.8,0
2025-01-26,RC006,133.73,83.9,34.3,0
2025-01-26,RC007,145.52,100.88,32.9,0
2025-01-26,RC008,57.84,39.42,19.0,0
2025-01-26,RC009,63.23,49.23,20.7,0
2025-01-26,RC010,84.1,60.44,16.4,0
2025-01-26,RC011,168.35,109.8,39.4,0
2025-01-26,RC012,145.27,114.39,39.8,0
2025-01-26,RC013,177.14,131.26,37.5,0
2025-01-26,RC014,155.92,119.98,16.5,0
2025-01-26,RC015,84.6,58.31,32.4,0
2025-01-27,RC001,150.34,96.6,30.1,0
2025-01-27,RC002,91.1,68.58,32.1,0
2025-01-27,RC003,90.14,64.04,31.0,0
2025-01-27,RC004,71.03,50.3,38.1,0
2025-01-27,RC005,182.79,128.99,32.7,0
2025-01-27,RC006,177.56,130.06,27.8,0
2025-01-27,RC007,117.29,78.03,38.5,0
2025-01-27,RC008,60.18,37.21,19.9,0
2025-01-27,RC009,113.82,76.19,34.2,0
2025-01-27,RC010,53.72,40.99,18.7,0
2025-01-27,RC011,159.37,96.05,28.7,0
2025-01-27,RC012,155.81,111.0,20.5,0
2025-01-27,RC013,189.37,127.76,31.9,0
2025-01-27,RC014,90.4,72.18,36.0,0
2025-01-27,RC015,157.0,117.5,39.5,0
2025-01-28,RC001,52.79,41.99,34.9,0
2025-01-28,RC002,177.7,134.5,39.8,0
2025-01-28,RC003,169.18,121.78,35.6,0
2025-01-28,RC004,116.85,78.02,26.3,0
2025-01-28,RC005,52.53,34.19,18.6,0
2025-01-28,RC006,76.68,56.71,22.2,0
2025-01-28,RC007,119.54,84.58,23.3,0
2025-01-28,RC008,120.53,92.39,32.1,0
2025-01-28,RC009,120.37,95.5,35.4,0
2025-01-28,RC010,79.16,59.47,17.4,0
2025-01-28,RC011,107.78,80.41,28.4,0
2025-01-28,RC012,55.36,40.87,31.5,0
2025-01-28,RC013,54.32,37.44,28.8,0
2025-01-28,RC014,89.85,63.96,37.7,0
2025-01-28,RC015,136.39,87.64,15.1,0
2025-01-29,RC001,119.63,72.39,17.6,0
2025-01-29,RC002,106.01,69.14,20.8,0
2025-01-29,RC003,198.85,158.7,33.8,0
2025-01-29,RC004,161.95,110.51,37.5,0
2025-01-29,RC005,87.71,62.29,19.7,0
2025-01-29,RC006,163.18,99.87,26.6,0
2025-01-29,RC007,50.08,30.14,18.3,0
2025-01-29,RC008,132.87,84.93,23.9,0
2025-01-29,RC009,63.55,49.42,37.7,0
2025-01-29,RC010,109.05,77.56,24.5,0
2025-01-29,RC011,153.28,113.47,33.5,0
2025-01-29,RC012,79.57,57.66,37.3,0
2025-01-29,RC013,99.53,72.12,37.7,0
2025-01-29,RC014,126.93,81.42,21.3,0
2025-01-29,RC015,183.98,137.25,35.3,0
2025-01-30,RC001,56.19,35.78,35.4,0
2025-01-30,RC002,84.66,54.13,15.1,0
2025-01-30,RC003,150.58,107.23,24.0,0
2025-01-30,RC004,176.62,107.82,18.5,0
2025-01-30,RC005,194.5,145.93,34.9,0
2025-01-30,RC006,106.16,81.39,37.1,0
2025-01-30,RC007,79.49,55.35,26.5,0
2025-01-30,RC008,61.66,46.1,33.6,0
2025-01-30,RC009,139.43,87.22,26.0,0
2025-01-30,RC010,81.09,52.91,28.5,0
2025-01-30,RC011,179.2,113.69,29.8,0
2025-01-30,RC012,191.94,151.73,30.4,0
2025-01-30,RC013,123.54,86.54,22.2,0
2025-01-30,RC014,81.53,58.52,31.0,0
2025-01-30,RC015,180.27,122.62,39.4,0
2025-01-31,RC001,189.69,150.46,17.0,0
2025-01-31,RC002,199.45,144.31,27.2,0
2025-01-31,RC003,126.31,76.79,35.2,0
2025-01-31,RC004,121.25,86.69,31.4,0
2025-01-31,RC005,151.46,116.26,35.5,0
2025-01-31,RC006,117.24,81.39,31.1,0
2025-01-31,RC007,157.96,102.33,16.7,1
2025-01-31,RC008,67.61,47.7,36.4,0
2025-01-31,RC009,79.54,58.53,35.1,0
2025-01-31,RC010,75.14,53.14,19.0,1
2025-01-31,RC011,106.82,78.53,39.0,0
2025-01-31,RC012,187.06,119.22,18.1,0
2025-01-31,RC013,170.6,133.43,18.1,0
2025-01-31,RC014,111.06,86.45,37.8,0
2025-01-31,RC015,188.59,127.85,33.6,1
2025-02-01,RC001,124.18,86.88,35.1,0
2025-02-01,RC002,83.26,66.54,26.6,0
2025-02-01,RC003,177.49,122.34,32.6,0
2025-02-01,RC004,55.41,41.24,20.9,0
2025-02-01,RC005,159.46,108.19,24.7,0
2025-02-01,RC006,130.48,90.72,34.0,0
2025-02-01,RC007,125.76,77.66,21.8,0
2025-02-01,RC008,68.85,54.63,18.2,0
2025-02-01,RC009,55.13,42.34,36.2,0
2025-02-01,RC010,163.15,125.11,23.2,0
2025-02-01,RC011,181.49,117.24,28.0,0
2025-02-01,RC012,102.75,75.72,15.8,1
2025-02-01,RC013,58.77,39.66,32.3,0
2025-02-01,RC014,178.8,123.75,32.5,0
2025-02-01,RC015,116.99,90.22,30.0,0
2025-02-02,RC001,156.62,104.24,17.7,0
2025-02-02,RC002,150.65,99.73,20.1,0
2025-02-02,RC003,156.02,115.94,17.3,0
2025-02-02,RC004,187.95,143.36,36.6,0
2025-02-02,RC005,109.85,81.53,31.7,0
2025-02-02,RC006,171.57,104.23,26.7,0
2025-02-02,RC007,193.19,142.58,26.2,0
2025-02-02,RC008,193.17,124.99,34.2,0
2025-02-02,RC009,96.77,59.08,16.0,0
2025-02-02,RC010,117.48,71.55,28.6,0
2025-02-02,RC011,181.93,119.95,18.5,0
2025-02-02,RC012,88.59,59.07,17.9,0
2025-02-02,RC013,180.24,126.72,24.2,0
2025-02-02,RC014,83.78,53.01,15.1,0
2025-02-02,RC015,188.78,117.21,18.5,0
2025-02-03,RC001,125.88,80.38,18.2,0
2025-02-03,RC002,55.55,35.37,18.2,0
2025-02-03,RC003,166.14,124.39,17.9,0
2025-02-03,RC004,113.91,90.17,22.5,0
2025-02-03,RC005,62.8,40.09,28.9,0
2025-02-03,RC006,197.34,126.17,29.0,0
2025-02-03,RC007,194.55,127.17,28.5,0
2025-02-03,RC008,189.57,144.13,25.8,0
2025-02-03,RC009,195.06,147.21,18.2,0
2025-02-03,RC010,143.03,86.73,30.2,0
2025-02-03,RC011,58.9,39.65,20.8,0
2025-02-03,RC012,162.98,111.87,22.7,0
2025-02-03,RC013,185.54,114.61,15.8,0
2025-02-03,RC014,120.08,87.74,36.0,0
2025-02-03,RC015,127.25,89.68,22.8,0
2025-02-04,RC001,105.76,76.96,18.6,0
2025-02-04,RC002,147.05,99.78,20.5,0
2025-02-04,RC003,196.07,145.28,25.6,0
2025-02-04,RC004,185.37,127.17,39.5,0
2025-02-04,RC005,163.98,105.05,38.1,0
2025-02-04,RC006,80.6,64.43,17.3,0
2025-02-04,RC007,135.24,86.78,34.8,0
2025-02-04,RC008,123.91,96.86,36.8,0
2025-02-04,RC009,191.04,147.09,21.2,0
2025-02-04,RC010,167.12,116.78,27.7,0
2025-02-04,RC011,65.01,41.86,21.7,0
2025-02-04,RC012,196.22,149.37,25.8,0
2025-02-04,RC013,108.01,72.94,33.5,0
2025-02-04,RC014,102.42,73.37,31.0,0
2025-02-04,RC015,110.64,70.83,36.1,0
2025-02-05,RC001,92.15,59.57,38.7,0
2025-02-05,RC002,152.21,118.74,26.9,0
2025-02-05,RC003,167.28,128.53,38.5,0
2025-02-05,RC004,89.56,59.76,39.8,0
2025-02-05,RC005,168.06,122.8,28.9,0
2025-02-05,RC006,99.8,70.42,38.2,0
2025-02-05,RC007,128.09,80.67,25.2,0
2025-02-05,RC008,197.62,145.79,18.4,0
2025-02-05,RC009,61.11,46.98,39.3,0
2025-02-05,RC010,132.68,101.2,31.7,0
2025-02-05,RC011,87.99,65.28,19.7,0
2025-02-05,RC012,138.11,107.59,28.1,0
2025-02-05,RC013,77.11,53.29,38.0,0
2025-02-05,RC014,104.09,70.4,20.1,0
2025-02-05,RC015,70.18,51.23,22.1,0
2025-02-06,RC001,179.93,121.8,28.5,0
2025-02-06,RC002,151.7,110.35,21.2,0
2025-02-06,RC003,195.83,139.24,23.5,0
2025-02-06,RC004,61.06,48.56,21.7,0
2025-02-06,RC005,85.15,63.47,15.1,0
2025-02-06,RC006,119.22,89.99,31.3,0
2025-02-06,RC007,75.21,53.07,33.4,0
2025-02-06,RC008,105.33,82.83,33.9,0
2025-02-06,RC009,175.71,123.91,36.7,0
2025-02-06,RC010,187.54,145.28,37.7,0
2025-02-06,RC011,111.43,79.4,19.8,0
2025-02-06,RC012,179.81,125.53,26.9,0
2025-02-06,RC013,149.12,92.6,15.2,0
2025-02-06,RC014,127.26,86.59,35.3,0
2025-02-06,RC015,156.53,111.77,15.5,0
2025-02-07,RC001,186.17,148.81,31.5,0
2025-02-07,RC002,81.0,60.61,21.3,0
2025-02-07,RC003,186.46,119.15,31.3,0
2025-02-07,RC004,64.09,50.56,29.7,0
2025-02-07,RC005,151.35,97.79,19.5,1
2025-02-07,RC006,127.29,78.58,15.4,0
2025-02-07,RC007,194.8,155.23,39.7,0
2025-02-07,RC008,186.84,119.78,34.8,1
2025-02-07,RC009,178.45,107.3,18.3,0
2025-02-07,RC010,170.71,112.36,36.4,0
2025-02-07,RC011,199.06,158.5,25.8,0
2025-02-07,RC012,154.64,107.53,22.4,0
2025-02-07,RC013,51.56,36.23,15.6,0
2025-02-07,RC014,128.74,100.17,35.6,0
2025-02-07,RC015,154.8,96.42,29.2,0
2025-02-08,RC001,58.61,36.93,20.7,0
2025-02-08,RC002,77.77,54.37,20.2,0
2025-02-08,RC003,198.15,146.25,24.7,0
2025-02-08,RC004,86.24,58.43,17.4,0
2025-02-08,RC005,63.18,45.11,34.1,0
2025-02-08,RC006,188.12,147.54,20.3,0
2025-02-08,RC007,126.58,98.92,28.4,0
2025-02-08,RC008,94.46,68.48,16.2,0
2025-02-08,RC009,162.8,122.09,26.4,0
2025-02-08,RC010,177.2,134.65,33.4,0
2025-02-08,RC011,159.19,100.39,38.2,0
2025-02-08,RC012,70.28,44.53,17.7,0
2025-02-08,RC013,199.13,146.55,22.0,0
2025-02-08,RC014,181.67,116.22,28.2,0
2025-02-08,RC015,89.94,70.53,19.2,0
2025-02-09,RC001,133.12,95.19,26.8,0
2025-02-09,RC002,76.74,61.23,25.4,0
2025-02-09,RC003,117.26,78.62,31.2,0
2025-02-09,RC004,158.68,97.92,34.7,0
2025-02-09,RC005,141.48,94.08,23.5,0
2025-02-09,RC006,185.65,127.82,20.3,0
2025-02-09,RC007,173.54,119.09,23.6,0
2025-02-09,RC008,122.24,89.53,32.9,0
2025-02-09,RC009,139.85,106.3,39.8,0
2025-02-09,RC010,70.65,54.86,30.1,0
2025-02-09,RC011,82.23,63.75,33.9,0
2025-02-09,RC012,198.56,153.69,32.6,0
2025-02-09,RC013,85.52,59.61,39.1,0
2025-02-09,RC014,91.05,63.1,26.8,0
2025-02-09,RC015,197.29,133.65,29.9,0
2025-02-10,RC001,60.18,44.85,25.2,0
2025-02-10,RC002,118.03,73.25,16.9,0
2025-02-10,RC003,93.72,61.12,19.6,0
2025-02-10,RC004,150.55,110.67,37.8,0
2025-02-10,RC005,197.43,147.4,31.7,0
2025-02-10,RC006,54.79,34.53,18.5,0
2025-02-10,RC007,124.01,84.44,31.8,0
2025-02-10,RC008,146.86,96.77,27.8,0
2025-02-10,RC009,141.62,89.13,28.2,0
2025-02-10,RC010,114.6,77.12,24.5,1
2025-02-10,RC011,85.78,59.95,21.0,0
2025-02-10,RC012,165.17,126.08,31.2,0
2025-02-10,RC013,154.32,120.34,22.0,0
2025-02-10,RC014,176.45,137.92,34.1,0
2025-02-10,RC015,154.15,122.96,35.3,0
2025-02-11,RC001,134.54,93.02,15.4,0
2025-02-11,RC002,100.62,64.95,27.4,0
2025-02-11,RC003,164.45,119.9,24.4,0
2025-02-11,RC004,77.21,49.84,35.3,0
2025-02-11,RC005,144.36,107.96,21.8,0
2025-02-11,RC006,160.37,117.01,29.5,0
2025-02-11,RC007,66.34,40.54,26.4,0
2025-02-11,RC008,117.66,78.04,32.6,0
2025-02-11,RC009,64.2,48.64,15.8,0
2025-02-11,RC010,150.95,116.87,32.5,0
2025-02-11,RC011,145.18,108.84,38.8,0
2025-02-11,RC012,184.49,130.09,28.5,0
2025-02-11,RC013,168.09,112.05,35.7,0
2025-02-11,RC014,161.21,97.5,16.1,0
2025-02-11,RC015,102.69,69.46,17.4,0
2025-02-12,RC001,189.97,139.57,28.0,0
2025-02-12,RC002,167.41,111.69,19.6,0
2025-02-12,RC003,141.39,106.83,35.8,0
2025-02-12,RC004,53.55,36.14,21.6,0
2025-02-12,RC005,139.07,93.45,20.4,0
2025-02-12,RC006,134.03,84.9,23.1,0
2025-02-12,RC007,132.77,83.72,35.2,0
2025-02-12,RC008,177.97,141.26,32.6,0
2025-02-12,RC009,54.89,41.35,32.4,0
2025-02-12,RC010,187.23,121.49,17.3,0
2025-02-12,RC011,177.44,107.24,20.4,0
2025-02-12,RC012,196.18,137.84,33.5,1
2025-02-12,RC013,57.32,38.58,27.4,0
2025-02-12,RC014,111.59,68.91,38.6,0
2025-02-12,RC015,99.8,70.01,27.6,0
2025-02-13,RC001,182.01,139.36,38.1,0
2025-02-13,RC002,76.21,57.16,22.7,0
2025-02-13,RC003,92.34,63.29,33.5,0
2025-02-13,RC004,60.89,42.91,37.6,0
2025-02-13,RC005,173.93,105.61,24.5,0
2025-02-13,RC006,150.3,104.6,31.8,0
2025-02-13,RC007,89.83,70.74,27.1,0
2025-02-13,RC008,106.36,68.58,31.5,0
2025-02-13,RC009,76.1,57.83,24.3,0
2025-02-13,RC010,70.6,52.38,27.6,0
2025-02-13,RC011,124.64,90.24,37.2,0
2025-02-13,RC012,75.53,46.31,29.0,0
2025-02-13,RC013,166.17,121.36,28.8,0
2025-02-13,RC014,89.66,61.61,26.9,0
2025-02-13,RC015,80.58,54.24,35.3,0
2025-02-14,RC001,65.98,52.51,16.8,0
2025-02-14,RC002,71.22,47.03,23.2,0
2025-02-14,RC003,145.51,110.1,23.3,0
2025-02-14,RC004,137.74,83.36,36.7,0
2025-02-14,RC005,65.11,43.76,23.6,0
2025-02-14,RC006,102.02,66.45,37.6,0
2025-02-14,RC007,71.9,49.78,27.5,0
2025-02-14,RC008,144.83,93.75,37.9,0
2025-02-14,RC009,160.28,106.14,20.1,0
2025-02-14,RC010,111.7,73.81,34.7,0
2025-02-14,RC011,74.43,56.92,26.6,0
2025-02-14,RC012,177.09,132.06,15.2,0
2025-02-14,RC013,128.4,93.57,30.5,0
2025-02-14,RC014,109.68,69.58,35.4,0
2025-02-14,RC015,160.18,112.98,22.6,0
2025-02-15,RC001,150.17,93.36,38.3,0
2025-02-15,RC002,161.9,110.94,19.0,0
2025-02-15,RC003,133.26,97.74,20.3,0
2025-02-15,RC004,189.44,123.54,21.9,0
2025-02-15,RC005,72.47,57.86,31.1,0
2025-02-15,RC006,191.19,117.98,30.8,0
2025-02-15,RC007,174.97,136.54,31.3,0
2025-02-15,RC008,131.1,96.99,38.4,0
2025-02-15,RC009,104.83,73.58,18.3,0
2025-02-15,RC010,123.92,78.09,36.6,0
2025-02-15,RC011,165.25,112.46,25.2,0
2025-02-15,RC012,166.15,105.32,31.5,0
2025-02-15,RC013,192.47,138.57,29.4,0
2025-02-15,RC014,182.39,113.2,38.0,0
2025-02-15,RC015,102.66,66.79,37.3,1
2025-02-16,RC001,71.44,51.39,33.0,0
2025-02-16,RC002,138.83,108.68,18.2,0
2025-02-16,RC003,62.68,40.44,16.1,0
2025-02-16,RC004,63.94,46.52,29.8,0
2025-02-16,RC005,125.66,75.5,38.3,0
2025-02-16,RC006,80.48,48.89,30.6,0
2025-02-16,RC007,166.35,113.37,26.7,0
2025-02-16,RC008,88.38,68.92,16.9,0
2025-02-16,RC009,98.09,76.18,36.4,0
2025-02-16,RC010,106.38,72.27,26.0,0
2025-02-16,RC011,80.68,60.37,29.6,0
2025-02-16,RC012,140.3,85.02,36.6,0
2025-02-16,RC013,167.61,113.77,24.7,0
2025-02-16,RC014,166.41,119.84,34.2,0
2025-02-16,RC015,66.09,52.11,27.9,0
2025-02-17,RC001,135.55,86.08,25.9,0
2025-02-17,RC002,63.71,50.66,16.9,0
2025-02-17,RC003,84.27,61.88,28.4,0
2025-02-17,RC004,154.11,118.65,33.7,0
2025-02-17,RC005,172.06,105.0,20.4,0
2025-02-17,RC006,100.22,61.78,38.0,0
2025-02-17,RC007,103.31,68.29,18.1,0
2025-02-17,RC008,103.11,68.08,26.8,0
2025-02-17,RC009,94.25,72.5,30.3,0
2025-02-17,RC010,178.23,108.22,22.9,0
2025-02-17,RC011,142.49,99.17,15.3,0
2025-02-17,RC012,129.7,79.65,33.4,0
2025-02-17,RC013,84.25,55.09,18.4,0
2025-02-17,RC014,86.58,65.96,28.6,0
2025-02-17,RC015,114.09,70.16,26.5,0
2025-02-18,RC001,133.99,86.2,21.3,0
2025-02-18,RC002,73.55,58.57,27.8,0
2025-02-18,RC003,109.23,85.37,37.0,0
2025-02-18,RC004,121.04,91.72,17.1,0
2025-02-18,RC005,68.27,43.85,27.9,0
2025-02-18,RC006,160.07,100.64,20.4,0
2025-02-18,RC007,172.42,133.86,17.2,0
2025-02-18,RC008,146.7,94.12,16.7,0
2025-02-18,RC009,184.79,118.08,24.4,0
2025-02-18,RC010,198.12,154.01,23.8,0
2025-02-18,RC011,79.09,56.13,33.2,0
2025-02-18,RC012,53.44,34.6,34.6,0
2025-02-18,RC013,124.85,92.92,21.2,0
2025-02-18,RC014,72.73,49.63,27.7,0
2025-02-18,RC015,61.59,40.77,22.8,0
2025-02-19,RC001,72.96,57.07,19.1,0
2025-02-19,RC002,129.09,87.67,31.0,0
2025-02-19,RC003,178.01,113.99,24.7,0
2025-02-19,RC004,137.86,108.69,23.2,0
2025-02-19,RC005,156.36,113.25,27.9,0
2025-02-19,RC006,169.07,107.64,23.1,0
2025-02-19,RC007,51.49,34.04,15.2,0
2025-02-19,RC008,71.48,55.68,33.7,0
2025-02-19,RC009,75.78,53.99,35.3,0
2025-02-19,RC010,192.53,149.6,39.0,0
2025-02-19,RC011,118.08,85.71,27.4,0
2025-02-19,RC012,142.45,89.55,32.6,0
2025-02-19,RC013,60.75,47.29,29.1,0
2025-02-19,RC014,107.97,74.06,36.2,0
2025-02-19,RC015,129.49,92.58,38.5,0
2025-02-20,RC001,121.83,74.52,37.5,0
2025-02-20,RC002,139.52,107.15,16.3,0
2025-02-20,RC003,58.53,43.86,16.9,0
2025-02-20,RC004,159.2,121.3,22.7,0
2025-02-20,RC005,52.94,37.31,35.5,0
2025-02-20,RC006,107.62,74.69,30.6,0
2025-02-20,RC007,102.92,79.65,21.4,0
2025-02-20,RC008,129.06,77.57,18.4,0
2025-02-20,RC009,130.48,103.71,34.7,0
2025-02-20,RC010,166.4,111.9,21.3,0
2025-02-20,RC011,54.2,33.52,38.3,0
2025-02-20,RC012,88.17,57.5,27.0,0
2025-02-20,RC013,55.79,38.76,29.9,0
2025-02-20,RC014,110.25,66.55,32.3,0
2025-02-20,RC015,107.14,71.88,27.6,0
2025-02-21,RC001,188.42,132.54,36.0,0
2025-02-21,RC002,89.68,61.46,20.3,0
2025-02-21,RC003,134.98,83.3,28.4,0
2025-02-21,RC004,165.31,101.84,20.3,0
2025-02-21,RC005,78.84,56.7,35.8,0
2025-02-21,RC006,125.81,92.87,18.3,0
2025-02-21,RC007,185.78,112.56,18.6,0
2025-02-21,RC008,172.81,117.56,15.9,0
2025-02-21,RC009,77.42,51.68,17.8,0
2025-02-21,RC010,72.88,46.49,33.6,0
2025-02-21,RC011,146.81,90.25,23.9,0
2025-02-21,RC012,147.99,106.39,16.6,0
2025-02-21,RC013,179.88,134.07,29.0,0
2025-02-21,RC014,164.98,120.6,24.3,0
2025-02-21,RC015,137.12,103.13,26.8,0
2025-02-22,RC001,138.71,86.8,26.1,0
2025-02-22,RC002,165.97,112.99,35.3,0
2025-02-22,RC003,172.99,121.83,36.0,0
2025-02-22,RC004,175.87,115.82,28.0,0
2025-02-22,RC005,145.42,109.89,35.7,0
2025-02-22,RC006,99.31,79.2,17.8,0
2025-02-22,RC007,165.75,128.68,36.6,0
2025-02-22,RC008,115.38,72.57,19.8,0
2025-02-22,RC009,132.93,99.27,25.5,0
2025-02-22,RC010,172.37,104.06,35.1,0
2025-02-22,RC011,51.69,31.64,30.2,0
2025-02-22,RC012,138.65,107.75,37.5,0
2025-02-22,RC013,159.33,100.49,36.9,0
2025-02-22,RC014,108.43,66.3,29.7,0
2025-02-22,RC015,62.59,47.98,16.9,0
2025-02-23,RC001,174.76,129.12,16.8,0
2025-02-23,RC002,71.49,44.9,25.3,0
2025-02-23,RC003,80.22,63.07,19.9,0
2025-02-23,RC004,187.49,113.44,15.6,0
2025-02-23,RC005,153.21,101.41,34.1,0
2025-02-23,RC006,153.04,100.03,39.8,0
2025-02-23,RC007,79.78,54.48,37.3,0
2025-02-23,RC008,103.2,75.88,20.7,0
2025-02-23,RC009,118.24,89.85,36.8,0
2025-02-23,RC010,82.32,58.91,39.3,0
2025-02-23,RC011,112.98,74.11,34.9,0
2025-02-23,RC012,125.74,95.41,35.6,0
2025-02-23,RC013,76.46,50.94,19.7,0
2025-02-23,RC014,192.89,135.92,35.0,0
2025-02-23,RC015,50.95,36.43,23.6,0
2025-02-24,RC001,115.45,73.09,38.8,0
2025-02-24,RC002,88.59,70.18,17.0,0
2025-02-24,RC003,186.2,128.13,36.6,0
2025-02-24,RC004,131.25,79.16,28.0,0
2025-02-24,RC005,55.72,44.49,29.1,0
2025-02-24,RC006,80.11,53.1,25.0,0
2025-02-24,RC007,149.38,106.06,39.6,0
2025-02-24,RC008,148.39,99.25,24.6,0
2025-02-24,RC009,81.26,50.77,35.1,0
2025-02-24,RC010,191.83,148.44,31.7,0
2025-02-24,RC011,108.99,65.96,33.0,0
2025-02-24,RC012,63.32,39.79,28.1,0
2025-02-24,RC013,189.89,131.7,23.4,1
2025-02-24,RC014,186.04,118.86,27.1,0
2025-02-24,RC015,71.75,56.14,18.6,0
2025-02-25,RC001,51.27,35.31,29.7,0
2025-02-25,RC002,138.89,89.26,18.5,0
2025-02-25,RC003,131.49,102.88,28.8,0
2025-02-25,RC004,188.81,148.31,24.2,0
2025-02-25,RC005,79.36,55.65,37.9,0
2025-02-25,RC006,68.42,49.71,17.7,0
2025-02-25,RC007,54.24,40.39,27.5,0
2025-02-25,RC008,166.91,126.05,20.4,0
2025-02-25,RC009,159.79,122.34,30.9,0
2025-02-25,RC010,75.93,60.03,37.4,0
2025-02-25,RC011,136.41,83.21,37.5,0
2025-02-25,RC012,77.53,54.07,17.2,0
2025-02-25,RC013,70.05,50.94,20.0,0
2025-02-25,RC014,50.76,35.77,34.1,0
2025-02-25,RC015,176.95,137.56,35.8,0
2025-02-26,RC001,110.46,85.06,38.3,0
2025-02-26,RC002,102.49,70.16,38.2,0
2025-02-26,RC003,184.13,110.98,15.6,0
2025-02-26,RC004,107.93,77.92,32.6,0
2025-02-26,RC005,137.04,89.05,37.2,0
2025-02-26,RC006,197.29,142.06,32.3,0
2025-02-26,RC007,198.7,126.92,36.9,0
2025-02-26,RC008,145.9,94.69,28.2,0
2025-02-26,RC009,123.97,76.53,25.7,0
2025-02-26,RC010,64.89,43.61,17.9,0
2025-02-26,RC011,88.05,65.24,24.0,0
2025-02-26,RC012,195.29,151.53,23.8,0
2025-02-26,RC013,175.94,124.58,39.9,0
2025-02-26,RC014,63.64,49.08,32.0,0
2025-02-26,RC015,148.5,94.98,19.3,0
2025-02-27,RC001,133.27,96.88,28.1,0
2025-02-27,RC002,186.96,132.7,23.1,0
2025-02-27,RC003,116.6,82.23,22.2,0
2025-02-27,RC004,184.66,121.5,28.1,0
2025-02-27,RC005,113.42,69.24,29.3,0
2025-02-27,RC006,89.23,55.58,20.6,0
2025-02-27,RC007,75.38,48.26,37.1,1
2025-02-27,RC008,56.6,39.17,20.3,0
2025-02-27,RC009,58.8,39.45,34.4,0
2025-02-27,RC010,149.6,102.17,26.9,0
2025-02-27,RC011,68.26,53.12,36.0,0
2025-02-27,RC012,99.23,74.35,19.2,0
2025-02-27,RC013,77.77,61.92,30.3,0
2025-02-27,RC014,124.55,81.12,17.5,0
2025-02-27,RC015,130.24,102.13,16.9,0
2025-02-28,RC001,65.21,51.8,20.5,0
2025-02-28,RC002,124.87,80.73,37.5,0
2025-02-28,RC003,95.88,68.13,37.1,0
2025-02-28,RC004,96.71,62.52,21.6,0
2025-02-28,RC005,56.12,44.05,31.8,0
2025-02-28,RC006,152.35,102.32,19.8,0
2025-02-28,RC007,107.11,74.49,37.3,0
2025-02-28,RC008,126.05,100.79,38.7,0
2025-02-28,RC009,133.82,82.45,15.8,0
2025-02-28,RC010,87.55,63.55,18.5,1
2025-02-28,RC011,194.15,137.87,19.5,0
2025-02-28,RC012,104.05,64.86,35.6,0
2025-02-28,RC013,170.47,132.34,23.9,0
2025-02-28,RC014,181.31,121.44,23.2,0
2025-02-28,RC015,124.64,91.6,39.0,0
2025-03-01,RC001,101.72,61.07,30.6,0
2025-03-01,RC002,142.55,97.45,38.8,0
2025-03-01,RC003,73.24,52.51,32.7,0
2025-03-01,RC004,176.07,110.99,39.6,0
2025-03-01,RC005,79.72,51.82,24.9,0
2025-03-01,RC006,159.79,100.4,25.3,0
2025-03-01,RC007,74.15,50.01,31.0,0
2025-03-01,RC008,83.31,57.12,28.2,0
2025-03-01,RC009,87.6,61.57,28.9,0
2025-03-01,RC010,90.51,56.36,22.5,0
2025-03-01,RC011,194.03,152.35,37.5,0
2025-03-01,RC012,152.91,115.74,38.4,0
2025-03-01,RC013,174.46,132.39,26.5,0
2025-03-01,RC014,189.75,125.85,23.2,0
2025-03-01,RC015,161.85,124.5,27.6,0
